Budget_Category,Planned_Budget,Actual_Cost,Variance_Amount,Variance_Percent,Status,Notes
Project_Planning,$1000,$600,-$400,-40%,Under_Budget,Efficient architecture and setup
Frontend_Development,$2500,$1200,-$1300,-52%,Under_Budget,Faster component development
Backend_Development,$2000,$1000,-$1000,-50%,Under_Budget,Streamlined API implementation
Database_Setup,$800,$400,-$400,-50%,Under_Budget,Quick schema and integration
CRUD_Implementation,$2500,$1500,-$1000,-40%,Under_Budget,Efficient feature development
Testing_Suite,$2000,$1200,-$800,-40%,Under_Budget,Comprehensive testing faster than expected
Containerization,$1000,$600,-$400,-40%,Under_Budget,Docker setup efficient
Documentation,$1200,$300,-$900,-75%,Under_Budget,Exceptional documentation efficiency
Project_Management,$1000,$500,-$500,-50%,Under_Budget,Streamlined coordination
Quality_Assurance,$800,$500,-$300,-38%,Under_Budget,Built-in quality practices
Deployment_Prep,$600,$200,-$400,-67%,Under_Budget,Production readiness included
Contingency,$1500,$500,-$1000,-67%,Under_Budget,Minimal issues encountered
,,,,,,
TOTAL_BUDGET,$16900,$8500,-$8400,-50%,Under_Budget,Significant cost savings achieved
,,,,,,
BUDGET_PERFORMANCE_METRICS,,,,,,
Budget_Utilization_Rate,50.3%,Target:<80%,Excellent,,Under_Target,Exceptional efficiency
Cost_Per_Feature,$2113,$1063,-$1050,-50%,Under_Budget,Much lower than planned
Cost_Per_Hour,$735,$370,-$365,-50%,Under_Budget,High productivity achieved
Overhead_Percentage,20%,25%,+$425,+5%,Acceptable,Slightly higher overhead
,,,,,,
VARIANCE_ANALYSIS,,,,,,
Positive_Variances,-$8400,Savings,Benefits,,Major_Savings,All categories under budget
Negative_Variances,$425,Overages,Minor,,Acceptable,Only overhead slightly over
Net_Position,-$7975,Surplus,Excellent,,Major_Success,Substantial budget surplus
,,,,,,
CONTINGENCY_ANALYSIS,,,,,,
Planned_Contingency,$1500,Available_Buffer,Safety_Net,,Available,$1000_unused
Actual_Issues,$500,Problems_Encountered,Minor,,Manageable,CORS_and_integration_fixes
Unused_Contingency,$1000,Remaining_Buffer,Future,,Available,Buffer_for_future_enhancements