Optimization_Strategy,Implementation_Status,Cost_Impact,Time_Savings,ROI_Improvement,Difficulty,Priority,Notes
Task_Complexity_Batching,Implemented,$2000,15_hours,45%,Low,High,Group similar complexity tasks together
High-ROI_Task_Focus,Implemented,$3000,20_hours,60%,Low,High,Prioritize documentation and testing tasks
Session_Length_Optimization,Implemented,$1500,8_hours,25%,Low,Medium,2-4 hour focused sessions optimal
Context_Switching_Reduction,Implemented,$1000,5_hours,15%,Medium,Medium,Stay within same technology domain
Reusable_Component_Strategy,Implemented,$2500,12_hours,35%,Medium,High,Build components for multi-project use
Progressive_Development,Partially_Implemented,$1800,10_hours,30%,Medium,High,MVP approach with iterative enhancement
Quality_First_Approach,Implemented,$5000,0_hours,100%,Low,Critical,Testing and quality prevent rework costs
Template_and_Pattern_Reuse,In_Progress,$3000,20_hours,50%,Low,High,Standardized patterns and boilerplates
Automated_Cost_Tracking,Implemented,$500,2_hours,10%,High,Medium,Real-time cost monitoring system
Pre-Session_Planning,Implemented,$1200,6_hours,20%,Low,High,Clear requirements before sessions
,,,,,,,,
TOTAL_OPTIMIZATION_VALUE,,$21500,98_hours,49%,,,Average 49% ROI improvement
,,,,,,,,
FUTURE_OPTIMIZATION_OPPORTUNITIES,,,,,,,,
AI_Prompt_Engineering,Not_Started,$2000,15_hours,35%,Medium,High,Optimize prompts for better efficiency
Multi-Project_Template_Library,Planning,$5000,40_hours,80%,High,High,Reusable templates across projects
Predictive_Cost_Modeling,Not_Started,$1500,10_hours,25%,High,Medium,AI-based cost prediction
Automated_Quality_Metrics,Planning,$1000,5_hours,15%,Medium,Medium,Automated quality scoring
Cross-Project_Learning,Not_Started,$3000,25_hours,50%,Low,High,Apply lessons across projects
Advanced_Session_Planning,Planning,$2000,12_hours,30%,Medium,High,AI-assisted session optimization
,,,,,,,,
OPTIMIZATION_ROI_ANALYSIS,,,,,,,,
Implemented_Optimizations,$21500,Current_Value,Immediate_Impact,,Achieved,Documented benefits from current optimizations
Planned_Optimizations,$14500,Future_Value,6-month_Impact,,Planned,Additional benefits from planned improvements
Total_Optimization_Potential,$36000,Maximum_Value,Combined_Impact,,Potential,Full optimization implementation value
,,,,,,,,
COST_OPTIMIZATION_METRICS,,,,,,,,
Current_Efficiency_Score,91.5%,Performance_Rating,Excellent,,Achieved,Very high efficiency achieved
Optimization_Opportunity_Score,25%,Improvement_Potential,Good,,Available,Still room for improvement
ROI_Improvement_Rate,49%,Annual_Improvement,Strong,,Trending,Consistent ROI improvements
Cost_Reduction_Achievement,50%,Savings_vs_Traditional,Excellent,,Delivered,Major cost reduction delivered