Month,Project_Name,Feature_Name,Start_Date,End_Date,Hours_Invested,Actual_Claude_Cost,Traditional_Estimate,Cost_Savings,ROI_Percent,Quality_Score,Status,Notes
September_2025,ReactJS_Todo_App,Project_Setup,2025-09-20,2025-09-20,2,$600,$1200,$600,200%,9.0,Complete,Architecture and initial setup
September_2025,ReactJS_Todo_App,Frontend_Development,2025-09-20,2025-09-20,4,$1200,$2000,$800,167%,9.5,Complete,React components and UI
September_2025,ReactJS_Todo_App,Backend_API,2025-09-20,2025-09-20,3,$1000,$1800,$800,180%,9.0,Complete,Express.js REST API
September_2025,ReactJS_Todo_App,Database_Integration,2025-09-21,2025-09-21,1,$400,$800,$400,200%,9.5,Complete,MongoDB setup and schema
September_2025,ReactJS_Todo_App,CRUD_Operations,2025-09-21,2025-09-21,6,$1500,$2500,$1000,167%,9.2,Complete,Complete functionality implementation
September_2025,ReactJS_Todo_App,Testing_Suite,2025-09-21,2025-09-21,4,$1200,$2500,$1300,208%,9.8,Complete,Comprehensive testing
September_2025,ReactJS_Todo_App,Docker_Setup,2025-09-21,2025-09-21,2,$600,$1200,$600,200%,8.5,Complete,Containerization
September_2025,ReactJS_Todo_App,Documentation,2025-09-21,2025-09-21,1,$300,$1500,$1200,900%,9.0,Complete,Wiki and guides
,,,,,,,,,,,,
MONTHLY_TOTALS,1_Project,8_Features,,23,$6800,$13500,$6700,206%,9.2,Complete,Project completed successfully
OVERHEAD_COSTS,,,,,,$1700,,,,,Project management and optimization
TOTAL_MONTHLY_COST,,,,,,$8500,,,$206%,,,Full project investment
,,,,,,,,,,,,
TEMPLATE_FOR_FUTURE_MONTHS,,,,,,,,,,,,
Month_YYYY,Project_Name,Feature_Name,YYYY-MM-DD,YYYY-MM-DD,0,$0,$0,$0,0%,0.0,Planned,Template row for new entries
Month_YYYY,Project_Name,Feature_Name,YYYY-MM-DD,YYYY-MM-DD,0,$0,$0,$0,0%,0.0,Planned,Template row for new entries
Month_YYYY,Project_Name,Feature_Name,YYYY-MM-DD,YYYY-MM-DD,0,$0,$0,$0,0%,0.0,Planned,Template row for new entries
,,,,,,,,,,,,
MONTHLY_TRACKING_FORMULAS,,,,,,,,,,,,
Total_Hours,=SUM(Hours_Invested_Column),Calculation,Auto_Sum,,,,,,,
Total_Cost,=SUM(Actual_Claude_Cost_Column),Calculation,Auto_Sum,,,,,,,
Average_ROI,=AVERAGE(ROI_Percent_Column),Calculation,Auto_Average,,,,,,,
Average_Quality,=AVERAGE(Quality_Score_Column),Calculation,Auto_Average,,,,,,,
Cost_Per_Hour,=Total_Cost/Total_Hours,Calculation,Efficiency_Metric,,,,,,,